{"x_max": 0.013479999999999936, "x_mean": 0.0005317427905830823, "x_std": 0.07719479056595033}